{"cameraMode":{"drawMode":0,"name":"Shaded","section":"Shading Mode"},"sceneLighting":true,"audioPlay":false,"sceneViewState":{"showFog":true,"showMaterialUpdate":false,"showSkybox":true,"showFlares":true,"showImageEffects":true,"showParticleSystems":true},"in2DMode":false,"pivot":{"x":1.279974102973938,"y":1.1998205184936524,"z":-0.6639463305473328},"rotation":{"x":0.018058812245726587,"y":-0.7495726943016052,"z":0.020483266562223436,"w":0.6613850593566895},"size":0.014211803674697876,"orthographic":false}