{"cameraMode":{"drawMode":0,"name":"Shaded","section":"Shading Mode"},"sceneLighting":true,"audioPlay":false,"sceneViewState":{"showFog":true,"showMaterialUpdate":false,"showSkybox":true,"showFlares":true,"showImageEffects":true,"showParticleSystems":true},"in2DMode":false,"pivot":{"x":1.1686625480651856,"y":-1.2648615837097169,"z":-0.04907941818237305},"rotation":{"x":-0.09966211020946503,"y":0.8996574878692627,"z":-0.281562477350235,"w":-0.31844356656074526},"size":8.789496421813965,"orthographic":false}