{"cameraMode":{"drawMode":0,"name":"Shaded","section":"Shading Mode"},"sceneLighting":true,"audioPlay":false,"sceneViewState":{"showFog":true,"showMaterialUpdate":false,"showSkybox":true,"showFlares":true,"showImageEffects":true,"showParticleSystems":true},"in2DMode":false,"pivot":{"x":1.9220043420791627,"y":1.7500717639923096,"z":-0.9196810722351074},"rotation":{"x":0.013558216392993927,"y":0.9713409543037415,"z":-0.23031377792358399,"w":0.057181697338819507},"size":5.479014873504639,"orthographic":false}